gene	linb	nSNP
ENSG00000134121_CHL1	0.5376735975803091	4
ENSG00000134115_CNTN6	0.3374516703092102	21
ENSG00000144619_CNTN4	0.14702084352232836	13
ENSG00000091181_IL5RA	0.12104816966125331	5
ENSG00000072756_TRNT1	0.8012021125650107	9
ENSG00000113851_CRBN	0.42105169105285134	6
ENSG00000144455_SUMF1	0.4434736665323441	6
ENSG00000175928_LRRN1	0.8307209185699272	1
ENSG00000170364_SETMAR	0.9696990968185708	16
ENSG00000150995_ITPR1	0.626032729807404	9
ENSG00000134107_BHLHE40	0.7749472627645364	1
ENSG00000134108_ARL8B	0.7893440134713049	2
ENSG00000134109_EDEM1	0.007552889313513056	14
ENSG00000196277_GRM7	0.9708939553291691	3
ENSG00000071282_LMCD1	0.8733094426104571	5
ENSG00000125046_SSUH2	0.19040303570637096	16
ENSG00000182533_CAV3	0.691244132948285	3
ENSG00000180914_OXTR	0.19166150737201504	4
ENSG00000070950_RAD18	0.5434932388581121	8
ENSG00000196220_SRGAP3	0.9138551933347943	6
ENSG00000134077_THUMPD3	0.3475069293800316	8
ENSG00000168137_SETD5	0.03387649561410566	4
ENSG00000156959_LHFPL4	0.5889128229825121	2
ENSG00000163719_MTMR14	0.08488818485099536	16
ENSG00000144550_CPNE9	0.6803550236287801	7
ENSG00000156983_BRPF1	0.5787784366915303	1
ENSG00000114026_OGG1	0.8124606755180939	8
ENSG00000134072_CAMK1	0.5405541388167963	10
ENSG00000171148_TADA3	0.45147986278137076	5
ENSG00000241553_ARPC4	0.7150721860969432	1
ENSG00000250151_ARPC4-TTLL3	0.9006971731937556	8
ENSG00000214021_TTLL3	0.8130440764799194	19
ENSG00000156990_RPUSD3	0.4725301721409819	13
ENSG00000187288_CIDEC	0.11823209205458707	7
ENSG00000171135_JAGN1	0.8042986847659631	3
ENSG00000163701_IL17RE	0.1614110478280748	10
ENSG00000163702_IL17RC	0.6640062826004589	13
ENSG00000163703_CRELD1	0.7562199323605061	12
ENSG00000163704_PRRT3	0.41720696472699415	6
ENSG00000125037_EMC3	0.4268320832796477	3
ENSG00000144554_FANCD2	0.8151387842953388	31
ENSG00000163705_FANCD2OS	0.34774269975591765	6
ENSG00000254999_BRK1	0.024312826358254713	2
ENSG00000134086_VHL	0.7057548429003597	4
ENSG00000134070_IRAK2	0.9724508671093268	14
ENSG00000157014_TATDN2	0.13474495018827726	8
ENSG00000272410_AC022384.1	0.2707453852445647	7
ENSG00000157017_GHRL	0.48512794712813545	6
ENSG00000157020_SEC13	0.5688276136302749	11
ENSG00000157087_ATP2B2	0.8574317244660251	7
ENSG00000132164_SLC6A11	0.22019514345638036	2
ENSG00000157103_SLC6A1	0.5375282831306625	4
ENSG00000197548_ATG7	0.44613510448091054	17
ENSG00000144560_VGLL4	0.754556433203551	4
ENSG00000144559_TAMM41	0.4666735744758683	11
ENSG00000157152_SYN2	0.23138095634181477	2
ENSG00000157150_TIMP4	0.11677423539874776	5
ENSG00000132170_PPARG	0.05733567594572275	3
ENSG00000154743_TSEN2	0.7622840945473952	11
ENSG00000225526_MKRN2OS	0.5999012939091891	5
ENSG00000075975_MKRN2	0.44025464333351083	6
ENSG00000132155_RAF1	0.6040061805203953	2
ENSG00000088726_TMEM40	0.8107041995657023	7
ENSG00000144712_CAND2	0.6094827853562432	12
ENSG00000144711_IQSEC1	0.30777757769790237	8
ENSG00000132182_NUP210	0.9244656043112655	30
ENSG00000163517_HDAC11	0.220386129432543	5
ENSG00000163520_FBLN2	0.49351554556303456	17
ENSG00000154764_WNT7A	0.7060848662882289	1
ENSG00000163528_CHCHD4	0.385883343403149	1
ENSG00000170876_TMEM43	0.5328380838613687	8
ENSG00000268279_AC090004.1	0.9130253688420165	1
ENSG00000154767_XPC	0.9062229124664141	12
ENSG00000170860_LSM3	0.8888561581148673	4
ENSG00000131389_SLC6A6	0.5326940650553957	6
ENSG00000144596_GRIP2	0.34498698836054054	11
ENSG00000154781_CCDC174	0.2581114935829558	8
ENSG00000131379_C3orf20	0.03095200668330378	12
ENSG00000154783_FGD5	0.8099103017701075	4
ENSG00000177463_NR2C2	0.1445936075594183	3
ENSG00000131368_MRPS25	0.23375630956942128	2
ENSG00000131381_RBSN	0.1656944125477957	6
ENSG00000131375_CAPN7	0.3035841386200927	19
ENSG00000131370_SH3BP5	0.322427778595734	3
ENSG00000206562_METTL6	0.03600707370066625	7
ENSG00000144597_EAF1	0.2273871345024877	6
ENSG00000206561_COLQ	0.16440596699668597	8
ENSG00000131373_HACL1	0.16277199005741738	11
ENSG00000169814_BTD	0.012095761981455677	12
ENSG00000206560_ANKRD28	0.7543479580644663	10
ENSG00000131386_GALNT15	0.2504952490806893	22
ENSG00000154813_DPH3	0.42050519467088365	3
ENSG00000154814_OXNAD1	0.8164594891045516	6
ENSG00000131378_RFTN1	0.20423354343709466	6
ENSG00000154822_PLCL2	0.652821470073083	2
ENSG00000131374_TBC1D5	0.5337001117480396	13
ENSG00000182568_SATB1	0.2076861377459922	1
ENSG00000183960_KCNH8	0.2483137448546695	11
ENSG00000163576_EFHB	0.912069931723076	22
ENSG00000183977_PP2D1	0.928149218986726	7
ENSG00000114166_KAT2B	0.6413968280997927	4
ENSG00000129810_SGO1	0.8384467849218455	8
ENSG00000151789_ZNF385D	0.7259352384609257	4
ENSG00000182247_UBE2E2	0.5758658832213979	1
ENSG00000170142_UBE2E1	0.5008292356379931	1
ENSG00000174748_RPL15	0.4999872522037906	2
ENSG00000174738_NR1D2	0.6203215390095177	1
ENSG00000151090_THRB	0.7259676929846176	2
ENSG00000077092_RARB	0.5623912787744605	2
ENSG00000077097_TOP2B	0.010200958843776586	5
ENSG00000151092_NGLY1	0.5997074084581155	15
ENSG00000151093_OXSM	0.6456600988299108	7
ENSG00000179796_LRRC3B	0.557419451500871	1
ENSG00000163491_NEK10	0.9075919100236396	21
ENSG00000033867_SLC4A7	0.6150840247115552	7
ENSG00000163508_EOMES	0.5044083601861244	1
ENSG00000187118_CMC1	0.0901060170106398	6
ENSG00000163512_AZI2	0.8398975746095485	7
ENSG00000206559_ZCWPW2	0.6896027493243705	9
ENSG00000283563_AC098650.1	0.12179832671484236	5
ENSG00000144642_RBMS3	0.9941130034477431	3
ENSG00000163513_TGFBR2	0.13415409176889448	2
ENSG00000144644_GADL1	0.8306515150364584	16
ENSG00000163527_STT3B	0.009627797908396962	2
ENSG00000144645_OSBPL10	0.3490282294281877	9
ENSG00000197385_ZNF860	0.6137473928565551	6
ENSG00000152642_GPD1L	0.9226773843549118	5
ENSG00000170293_CMTM8	6.768153779412867e-05	3
ENSG00000153551_CMTM7	0.49647510300193354	2
ENSG00000091317_CMTM6	0.5391597308430017	1
ENSG00000144635_DYNC1LI1	0.3735654284526646	3
ENSG00000182973_CNOT10	0.1754332882110352	5
ENSG00000183813_CCR4	0.5472183198239089	2
ENSG00000170266_GLB1	0.8156328483262139	11
ENSG00000188167_TMPPE	0.8505476416626846	4
ENSG00000170275_CRTAP	0.375576956748535	4
ENSG00000173705_SUSD5	0.5877506750316119	6
ENSG00000153558_FBXL2	0.0037877063779888642	9
ENSG00000153560_UBP1	0.135932296374478	1
ENSG00000163539_CLASP2	0.2340268591692758	9
ENSG00000170248_PDCD6IP	0.7989440872834705	6
ENSG00000172995_ARPP21	0.26951223209085406	9
ENSG00000144681_STAC	0.04080955301698641	11
ENSG00000163673_DCLK3	0.3980892671457482	4
ENSG00000168016_TRANK1	0.7720643918510778	37
ENSG00000178567_EPM2AIP1	0.7238120580650305	4
ENSG00000076242_MLH1	0.4804577917592451	9
ENSG00000093167_LRRFIP2	0.4808814193980858	21
ENSG00000144674_GOLGA4	0.5427749451037193	27
ENSG00000144668_ITGA9	0.6020538115636204	6
ENSG00000136059_VILL	0.17082417608973288	18
ENSG00000187091_PLCD1	0.3132450332329192	14
ENSG00000008226_DLEC1	0.4944232134751696	33
ENSG00000060971_ACAA1	0.25357834930396106	6
ENSG00000172936_MYD88	0.5980983283201478	3
ENSG00000172939_OXSR1	0.8373562766944193	3
ENSG00000172940_SLC22A13	0.00949345710463767	10
ENSG00000144671_SLC22A14	0.1385610650751412	9
ENSG00000093217_XYLB	0.45282139194011517	8
ENSG00000114739_ACVR2B	0.5625949610101264	2
ENSG00000157036_EXOG	0.5215745404927229	10
ENSG00000183873_SCN5A	0.6165973726317554	10
ENSG00000185313_SCN10A	0.3596436424915038	28
ENSG00000168356_SCN11A	0.9164694701883465	21
ENSG00000114742_WDR48	0.2482425078619146	4
ENSG00000114745_GORASP1	0.6298461514995278	11
ENSG00000168026_TTC21A	0.30203018743899746	22
ENSG00000168334_XIRP1	0.23899107937148334	23
ENSG00000168329_CX3CR1	0.6299531356381897	2
ENSG00000179934_CCR8	0.5205501242544753	6
ENSG00000144659_SLC25A38	0.04069766812309994	5
ENSG00000168028_RPSA	0.627189466411074	1
ENSG00000168314_MOBP	0.5108410937592529	1
ENSG00000170011_MYRIP	0.3500848902066749	7
ENSG00000168032_ENTPD3	0.33796297107799256	11
ENSG00000188846_RPL14	0.3477990375966804	2
ENSG00000177873_ZNF619	0.3945198309374506	4
ENSG00000177842_ZNF620	0.09822949721679675	7
ENSG00000172888_ZNF621	0.7949362138216474	6
ENSG00000168038_ULK4	0.5822277431717334	20
ENSG00000182606_TRAK1	0.7188415348239188	11
ENSG00000187094_CCK	0.9491650818723627	2
ENSG00000157093_LYZL4	0.7435447675493403	5
ENSG00000114812_VIPR1	0.5042600410577432	20
ENSG00000093183_SEC22C	0.18930289702475256	8
ENSG00000008324_SS18L2	0.4198600988351412	2
ENSG00000114857_NKTR	0.09750528531718805	8
ENSG00000114853_ZBTB47	0.7140400120434562	3
ENSG00000157119_KLHL40	0.9196478470494298	7
ENSG00000010282_HHATL	0.48915882523669074	5
ENSG00000280571_AC006059.2	0.4183403443365379	16
ENSG00000244607_CCDC13	0.15968731586959573	14
ENSG00000181061_HIGD1A	0.4309376535359686	3
ENSG00000144648_ACKR2	0.5304576824571852	6
ENSG00000273291_AC092042.3	0.5939530466585484	3
ENSG00000240747_KRBOX1	1.0	1
ENSG00000180432_CYP8B1	0.6459993001079074	2
ENSG00000182983_ZNF662	0.022580939819893286	11
ENSG00000144649_GASK1A	0.8062350184500302	12
ENSG00000144647_POMGNT2	0.013975693804594624	3
ENSG00000160746_ANO10	0.9845165951168126	17
ENSG00000011198_ABHD5	0.9721862092100497	5
ENSG00000173769_TOPAZ1	0.23143461639480534	9
ENSG00000179152_TCAIM	0.5704590720327469	6
ENSG00000185219_ZNF445	0.0670438570151356	3
ENSG00000178917_ZNF852	0.7483658281032972	12
ENSG00000196345_ZKSCAN7	0.9220361852326617	14
ENSG00000144792_ZNF660	0.35031854121271233	1
ENSG00000186448_ZNF197	0.9543134051630903	6
ENSG00000169981_ZNF35	0.26977869935135357	8
ENSG00000196653_ZNF502	0.6744476490615476	9
ENSG00000186446_ZNF501	0.056346216286819684	4
ENSG00000163807_KIAA1143	0.720372662954053	1
ENSG00000163808_KIF15	0.08282699253272074	25
ENSG00000169964_TMEM42	0.8674706280681579	1
ENSG00000163810_TGM4	0.025355747929952654	17
ENSG00000163812_ZDHHC3	0.07527680242214285	4
ENSG00000075914_EXOSC7	0.9194650982808897	4
ENSG00000163815_CLEC3B	0.8184798520482905	5
ENSG00000163814_CDCP1	0.27729847397192686	5
ENSG00000249992_TMEM158	0.47792740185503135	1
ENSG00000011376_LARS2	0.03827912592269289	11
ENSG00000144791_LIMD1	0.4511528259365326	3
ENSG00000211456_SACM1L	0.8233286350994181	10
ENSG00000163817_SLC6A20	0.7215247540406045	13
ENSG00000163818_LZTFL1	0.47766886744842996	5
ENSG00000173585_CCR9	0.6458673071682743	3
ENSG00000163820_FYCO1	0.2096215563808893	26
ENSG00000172215_CXCR6	0.5636271435663859	4
ENSG00000173578_XCR1	0.8447278933171248	1
ENSG00000183625_CCR3	0.10451333964287457	3
ENSG00000163823_CCR1	1.0	1
ENSG00000121807_CCR2	0.9715028739713543	4
ENSG00000160791_CCR5	0.5133503065155214	7
ENSG00000121797_CCRL2	0.6376089208146591	8
ENSG00000012223_LTF	0.8235534374349179	17
ENSG00000163825_RTP3	0.7549905609532563	1
ENSG00000163827_LRRC2	0.018414750732636875	4
ENSG00000241186_TDGF1	0.28689665382766927	2
ENSG00000283877_AC104304.1	0.3564641789557016	2
ENSG00000283473_FAM240A	0.28865251828895544	1
ENSG00000178038_ALS2CL	0.3042931576784039	22
ENSG00000181585_TMIE	0.23456371459630687	3
ENSG00000206549_PRSS50	0.9705390108217922	6
ENSG00000283706_PRSS50	0.9705390108217922	6
ENSG00000188086_PRSS45P	0.07856123557000627	4
ENSG00000178055_PRSS42P	0.024812090190846403	6
ENSG00000160808_MYL3	0.9674296841711751	2
ENSG00000160801_PTH1R	0.7005257617207281	8
ENSG00000160799_CCDC12	0.01761586905069268	5
ENSG00000160796_NBEAL2	0.7860207045192736	16
ENSG00000181555_SETD2	0.9867072264393657	7
ENSG00000088727_KIF9	0.09367907316563362	12
ENSG00000114648_KLHL18	0.2523239231385903	5
ENSG00000076201_PTPN23	0.9754355850899115	8
ENSG00000114650_SCAP	0.7236231139197297	20
ENSG00000163832_ELP6	0.6158390001109926	7
ENSG00000114646_CSPG5	0.6269748238727724	2
ENSG00000173473_SMARCC1	0.04222609575383418	3
ENSG00000132153_DHX30	0.017816897269126164	1
ENSG00000047849_MAP4	0.12807451591163588	19
ENSG00000164045_CDC25A	0.3086093918909737	3
ENSG00000164047_CAMP	0.7030662307957278	2
ENSG00000164048_ZNF589	0.11521888477097597	12
ENSG00000172113_NME6	0.34037488733196775	11
ENSG00000229453_SPINK8	0.09949373309119824	4
ENSG00000164049_FBXW12	0.8575672413778188	9
ENSG00000164050_PLXNB1	0.7955428202990945	14
ENSG00000164051_CCDC51	0.951204604308737	5
ENSG00000232112_TMA7	0.08396323797251781	2
ENSG00000164053_ATRIP	0.04665019214859045	10
ENSG00000213689_TREX1	0.595553431859756	1
ENSG00000164054_SHISA5	0.3482881062313252	14
ENSG00000114268_PFKFB4	0.358133186905331	4
ENSG00000145040_UCN2	0.3532900930366111	1
ENSG00000114270_COL7A1	0.6062554362218521	41
ENSG00000010256_UQCRC1	0.6739653919431097	9
ENSG00000225697_SLC26A6	0.14323302354859668	12
ENSG00000008300_CELSR3	0.29259756084002764	10
ENSG00000213672_NCKIPSD	0.7801111698572902	11
ENSG00000068745_IP6K2	2.0	10
ENSG00000114302_PRKAR2A	0.3086883886627212	4
ENSG00000178537_SLC25A20	0.3321310757285447	7
ENSG00000221883_ARIH2OS	0.21356945015321038	4
ENSG00000177479_ARIH2	0.20320889861341196	1
ENSG00000178467_P4HTM	0.1622087898814064	7
ENSG00000178252_WDR6	0.15481715452584066	10
ENSG00000178149_DALRD3	0.8467575042878488	14
ENSG00000178057_NDUFAF3	0.7593896779552963	5
ENSG00000178035_IMPDH2	0.7615673219606376	4
ENSG00000198218_QRICH1	0.5135877130328291	1
ENSG00000172053_QARS	0.03533821105809265	21
ENSG00000172046_USP19	0.9557693153725012	1
ENSG00000172037_LAMB2	0.597383181446399	20
ENSG00000177352_CCDC71	0.5958174973569614	3
ENSG00000185909_KLHDC8B	0.9180856805115473	3
ENSG00000236980_C3orf84	0.7337496858924075	4
ENSG00000173421_CCDC36	0.20364516734807725	2
ENSG00000188315_C3orf62	0.5227412326077812	4
ENSG00000114316_USP4	0.8592739421776887	7
ENSG00000145022_TCTA	0.7547900271393733	1
ENSG00000145020_AMT	0.2106701946805123	9
ENSG00000283189_AC104452.1	0.17888208576483433	7
ENSG00000145029_NICN1	0.42655834504149215	2
ENSG00000173402_DAG1	0.8701393026794448	3
ENSG00000164061_BSN	0.33165425614691935	4
ENSG00000164062_APEH	0.5316654127115112	11
ENSG00000173531_MST1	0.5183229399868593	9
ENSG00000164068_RNF123	0.01269872044573106	12
ENSG00000176020_AMIGO3	0.03307918136298005	5
ENSG00000173540_GMPPB	0.8250663582016204	4
ENSG00000176095_IP6K1	0.3068106002602672	2
ENSG00000187492_CDHR4	0.030079418134059233	19
ENSG00000185614_INKA1	0.2497971844882234	2
ENSG00000182179_UBA7	0.9080947525502918	16
ENSG00000183763_TRAIP	0.12207210184077144	8
ENSG00000164076_CAMKV	0.9001711607414505	3
ENSG00000164078_MST1R	0.8818581753288426	22
ENSG00000164077_MON1A	0.6669445317396895	6
ENSG00000004534_RBM6	0.7464568371496709	5
ENSG00000003756_RBM5	0.9465354077073906	5
ENSG00000001617_SEMA3F	0.47396695807298306	1
ENSG00000114349_GNAT1	0.03259367805640112	7
ENSG00000188338_SLC38A3	0.8266985569253023	4
ENSG00000114353_GNAI2	0.9120183264491608	8
ENSG00000012171_SEMA3B	0.7404691095729279	13
ENSG00000179564_LSMEM2	0.994910888739361	5
ENSG00000214706_IFRD2	0.530231089928855	6
ENSG00000186792_HYAL3	0.1602423327917899	6
ENSG00000243477_NAA80	0.7551435431682182	3
ENSG00000114378_HYAL1	0.9245902764790814	5
ENSG00000068001_HYAL2	0.395139338557409	2
ENSG00000068028_RASSF1	0.9436161563877266	9
ENSG00000004838_ZMYND10	0.7651260375181923	11
ENSG00000114388_NPRL2	0.35716452443000235	2
ENSG00000114395_CYB561D2	0.5420590166115495	8
ENSG00000272104_Z84492.2	0.08840790638146312	2
ENSG00000126062_TMEM115	0.39765105805972567	2
ENSG00000007402_CACNA2D2	0.2469949560346305	3
ENSG00000088543_C3orf18	0.7212647820843164	3
ENSG00000114735_HEMK1	0.24262884094458892	6
ENSG00000114737_CISH	0.1397873363536719	2
ENSG00000114738_MAPKAPK3	0.08420072438950998	2
ENSG00000088538_DOCK3	0.5384147525424847	4
ENSG00000145050_MANF	0.19101045644494452	2
ENSG00000259956_RBM15B	0.517654992952046	1
ENSG00000145041_DCAF1	0.3376392762097299	3
ENSG00000164081_TEX264	0.8136486265404356	2
ENSG00000164082_GRM2	0.18657469394762138	9
ENSG00000214686_IQCF6	0.9887286603333776	8
ENSG00000285749_AC097636.2	0.377803552600676	2
ENSG00000229972_IQCF3	0.30755132675328634	3
ENSG00000184345_IQCF2	0.8965548903265479	2
ENSG00000214681_IQCF5	0.4477534674954007	1
ENSG00000173389_IQCF1	0.898717275470158	1
ENSG00000114767_RRP9	0.4112129982884217	5
ENSG00000041880_PARP3	0.2917185066766842	12
ENSG00000180929_GPR62	0.14853159265246507	1
ENSG00000090097_PCBP4	0.007160188643733356	9
ENSG00000114779_ABHD14B	0.6403767066670083	5
ENSG00000248487_ABHD14A	0.957905032175526	8
ENSG00000114786_ABHD14A-ACY1	0.1369451048170629	10
ENSG00000243989_ACY1	0.8730167768551866	9
ENSG00000162244_RPL29	0.4550971177803137	3
ENSG00000164087_POC1A	0.5159680762785226	6
ENSG00000023330_ALAS1	0.31976187218501706	4
ENSG00000239732_TLR9	0.18965446922087537	7
ENSG00000173366_AC097637.1	0.31556478429841306	8
ENSG00000247596_TWF2	0.052318736374103114	3
ENSG00000164088_PPM1M	0.03364424135534316	13
ENSG00000164091_WDR82	0.8059217704742345	2
ENSG00000168237_GLYCTK	0.21634549008014448	9
ENSG00000114841_DNAH1	0.37038452007174505	52
ENSG00000163930_BAP1	0.5383173197023396	2
ENSG00000010318_PHF7	0.03755885660557812	6
ENSG00000010319_SEMA3G	0.15660622151586434	19
ENSG00000114854_TNNC1	0.008073739734382857	2
ENSG00000010322_NISCH	0.5692228543227233	8
ENSG00000010327_STAB1	0.018839507496216323	45
ENSG00000168268_NT5DC2	0.9884021370046907	9
ENSG00000168273_SMIM4	0.4787166435098742	2
ENSG00000163939_PBRM1	0.3035249571089377	4
ENSG00000163938_GNL3	0.10220085583423288	11
ENSG00000016864_GLT8D1	0.0072572974155243886	8
ENSG00000114902_SPCS1	0.6680553248853112	5
ENSG00000114904_NEK4	0.4136799985536185	24
ENSG00000055957_ITIH1	0.14517036701502117	16
ENSG00000162267_ITIH3	0.9839589883509413	14
ENSG00000055955_ITIH4	0.5033509231752772	11
ENSG00000243696_AC006254.1	0.907535494143181	8
ENSG00000272573_MUSTN1	0.8865772160118455	2
ENSG00000248592_STIMATE-MUSTN1	0.6059220821669176	3
ENSG00000213533_STIMATE	0.6639364991883541	4
ENSG00000163935_SFMBT1	0.43444746481366514	3
ENSG00000272305_AC096887.1	0.4709418875040847	2
ENSG00000163933_RFT1	0.38381955731903905	9
ENSG00000163932_PRKCD	0.9862041763729839	3
ENSG00000163931_TKT	0.20644535039130885	15
ENSG00000272886_DCP1A	0.9116188474997724	2
ENSG00000157388_CACNA1D	0.9265586678595349	5
ENSG00000016391_CHDH	0.4569357697496168	9
ENSG00000056736_IL17RB	0.8852489168682216	11
ENSG00000113812_ACTR8	0.6634999421777488	18
ENSG00000113811_SELENOK	0.820155172096236	3
ENSG00000157445_CACNA2D3	0.7973771991888998	7
ENSG00000144771_LRTM1	0.643602688223901	7
ENSG00000114251_WNT5A	0.7567775598339019	2
ENSG00000187672_ERC2	0.6114557907178478	4
ENSG00000180376_CCDC66	0.022971741648986743	35
ENSG00000163946_TASOR	0.25255318342009137	4
ENSG00000163947_ARHGEF3	0.3731031144330922	9
ENSG00000186451_SPATA12	0.396823351942309	4
ENSG00000144730_IL17RD	0.0701177204522917	7
ENSG00000163666_HESX1	0.3325111812737074	1
ENSG00000157500_APPL1	0.6688114093942754	8
ENSG00000239388_ASB14	0.07068814031125181	15
ENSG00000174844_DNAH12	0.459103132080549	57
ENSG00000174840_PDE12	0.7273425473512893	4
ENSG00000168374_ARF4	0.028933561496264026	3
ENSG00000174839_DENND6A	0.1842867933910225	6
ENSG00000163681_SLMAP	0.5454109842042291	7
ENSG00000136068_FLNB	0.6087971555816651	18
ENSG00000163687_DNASE1L3	0.29106659981091676	6
ENSG00000163686_ABHD6	0.7222522382872649	5
ENSG00000163684_RPP14	0.4214975549867722	3
ENSG00000255154_HTD2	0.4063424194621772	2
ENSG00000168297_PXK	0.9763080978292071	5
ENSG00000168291_PDHB	0.2666899141243977	1
ENSG00000168301_KCTD6	0.7617137979914234	1
ENSG00000168306_ACOX2	0.5633051686605908	12
ENSG00000168309_FAM107A	0.035493716873508996	8
ENSG00000198643_FAM3D	0.259106618533713	4
ENSG00000163689_C3orf67	0.24539282769690685	16
ENSG00000189283_FHIT	0.9100763953399256	5
ENSG00000144724_PTPRG	0.4642927666745721	12
ENSG00000114405_C3orf14	0.9280536311223326	3
ENSG00000153266_FEZF2	0.6325332687840166	1
ENSG00000163618_CADPS	0.8369415656652048	8
ENSG00000163630_SYNPR	0.5129961075504028	6
ENSG00000188817_SNTN	0.05592402739280655	2
ENSG00000163634_THOC7	0.16264215895336198	3
ENSG00000163635_ATXN7	0.9528824157098359	2
ENSG00000163636_PSMD6	0.9914224551568672	8
ENSG00000163637_PRICKLE2	0.7446726802725301	1
ENSG00000163638_ADAMTS9	0.6103987824988113	7
ENSG00000151276_MAGI1	0.7991470516020323	5
ENSG00000144741_SLC25A26	0.7724419335202211	8
ENSG00000144749_LRIG1	0.9650418259528896	13
ENSG00000163376_KBTBD8	0.7687517071046075	4
ENSG00000172340_SUCLG2	0.9359918118461525	12
ENSG00000163377_TAFA4	0.637192158727633	3
ENSG00000163378_EOGT	0.8636288303337437	10
ENSG00000144747_TMF1	0.4640872540517037	11
ENSG00000144744_UBA3	0.3404812449484157	4
ENSG00000144746_ARL6IP5	0.25316273124113353	3
ENSG00000163380_LMOD3	0.4881688998911655	2
ENSG00000114541_FRMD4B	0.4369278644933061	10
ENSG00000187098_MITF	0.24264226750660045	5
ENSG00000114861_FOXP1	0.6083037015859168	10
ENSG00000285708_AC097634.4	0.3054691019825325	2
ENSG00000163412_EIF4E3	0.5755907055874205	4
ENSG00000163421_PROK2	0.4162049902314504	3
ENSG00000144736_SHQ1	0.5575211703059	9
ENSG00000172986_GXYLT2	0.2725944486367522	10
ENSG00000163605_PPP4R2	0.873640426567736	4
ENSG00000255423_EBLN2	0.4524242296284041	3
ENSG00000121440_PDZRN3	0.20764574265849522	6
ENSG00000113805_CNTN3	0.2834176061322412	5
ENSG00000172969_FRG2C	0.313925627275773	7
ENSG00000227124_ZNF717	0.6508579556503284	20
ENSG00000185008_ROBO2	0.26686885660384363	4
ENSG00000169855_ROBO1	0.31433042969116476	19
ENSG00000114480_GBE1	0.1392760495157832	9
ENSG00000175161_CADM2	0.5726448882213635	2
ENSG00000206538_VGLL3	0.637597356394078	3
ENSG00000083937_CHMP2B	0.8174553238136077	9
ENSG00000064835_POU1F1	0.55939429785046	6
ENSG00000179097_HTR1F	0.7135760336774427	2
ENSG00000163320_CGGBP1	0.990077458149429	2
ENSG00000179021_C3orf38	0.7875652821874729	5
ENSG00000283434_CSNKA2IP	0.235592408227973	10
ENSG00000044524_EPHA3	0.4353919277682723	3
ENSG00000184500_PROS1	0.08593269531858128	5
ENSG00000169379_ARL13B	0.5030719149217424	6
ENSG00000178750_STX19	0.8721238637136806	6
ENSG00000178700_DHFR2	0.41481686028781795	4
ENSG00000178694_NSUN3	0.3385001519809028	7
ENSG00000080224_EPHA6	0.7830860629777475	13
ENSG00000113966_ARL6	0.675502509943501	1
ENSG00000080200_CRYBG3	0.16609795859232024	24
ENSG00000170854_RIOX2	0.48113963745763133	10
ENSG00000183185_GABRR3	0.04865866769814964	7
ENSG00000196578_OR5AC2	0.7316364644540067	4
ENSG00000231192_OR5H1	0.3695640529000618	2
ENSG00000236032_OR5H14	0.8868312835947831	4
ENSG00000233412_OR5H15	0.14405407786578062	5
ENSG00000230301_OR5H6	0.8668415909660278	3
ENSG00000197938_OR5H2	0.32851321935311706	3
ENSG00000196098_OR5K4	0.3022363926702589	3
ENSG00000206536_OR5K3	0.2080184028346288	3
ENSG00000232382_OR5K1	0.48820287531752116	1
ENSG00000231861_OR5K2	0.9686641030159022	3
ENSG00000080822_CLDND1	0.7650091143374338	6
ENSG00000285635_AC021660.3	0.056440100182436725	1
ENSG00000154165_GPR15	0.6914900733968514	3
ENSG00000080819_CPOX	0.23600474228570023	3
ENSG00000064225_ST3GAL6	0.22817644028227624	11
ENSG00000057019_DCBLD2	0.2258590675672829	1
ENSG00000144810_COL8A1	0.07958332093645981	1
ENSG00000184220_CMSS1	0.7960574899700005	1
ENSG00000168386_FILIP1L	0.32383710067769456	14
ENSG00000036054_TBC1D23	0.5185745122210113	6
ENSG00000114021_NIT2	0.11306952625166311	12
ENSG00000206535_LNP1	0.42646438744281756	3
ENSG00000181458_TMEM45A	0.8989398956964586	4
ENSG00000144820_ADGRG7	0.08302030931905846	11
ENSG00000114354_TFG	0.4824454550524465	1
ENSG00000154175_ABI3BP	0.4739198872717839	36
ENSG00000081148_IMPG2	0.2453156947660904	15
ENSG00000138468_SENP7	0.6188786523543315	3
ENSG00000174173_TRMT10C	0.3549019921741663	4
ENSG00000081154_PCNP	0.5807610991098888	1
ENSG00000066422_ZBTB11	0.1354917467111021	5
ENSG00000114391_RPL24	0.5583556772244554	2
ENSG00000182504_CEP97	0.8770473197073041	10
ENSG00000144815_NXPE3	0.033580167407875505	4
ENSG00000144802_NFKBIZ	0.01038869931315145	1
ENSG00000170044_ZPLD1	0.7076362477422791	8
ENSG00000170017_ALCAM	0.44027371133029314	4
ENSG00000114423_CBLB	0.6604199875649299	9
ENSG00000138483_CCDC54	0.23663128200773098	5
ENSG00000114439_BBX	0.4605195198519798	10
ENSG00000114446_IFT57	0.9653088278576494	6
ENSG00000114455_HHLA2	0.850540928159984	12
ENSG00000144821_MYH15	0.7608658922913951	39
ENSG00000163507_CIP2A	0.7956837987551908	15
ENSG00000198919_DZIP3	0.4239831531364834	12
ENSG00000163515_RETNLB	0.8027675967857574	2
ENSG00000163519_TRAT1	0.1833304739401026	3
ENSG00000138472_GUCA1C	0.8979235049868274	2
ENSG00000114487_MORC1	0.9453667620796243	7
ENSG00000163530_DPPA2	0.8472000460027238	4
ENSG00000121570_DPPA4	0.04604549558749249	6
ENSG00000177707_NECTIN3	0.006256053679671858	12
ENSG00000153283_CD96	0.2935949104630535	15
ENSG00000177494_ZBED2	0.7959897677981375	2
ENSG00000240891_PLCXD2	0.737461464676785	3
ENSG00000144824_PHLDB2	0.09437477867980126	17
ENSG00000144827_ABHD10	0.10230496614738505	6
ENSG00000144834_TAGLN3	0.02611358283615206	7
ENSG00000176040_TMPRSS7	0.23679116933375854	16
ENSG00000114529_C3orf52	0.38642509432649685	7
ENSG00000174500_GCSAM	0.3902063022390977	2
ENSG00000172139_SLC9C1	0.8022269598830922	12
ENSG00000091972_CD200	0.41039289803427936	5
ENSG00000186265_BTLA	0.5623553518485601	2
ENSG00000144848_ATG3	0.10695147927180426	4
ENSG00000138459_SLC35A5	0.2703697428416246	7
ENSG00000091986_CCDC80	0.47676656609811585	7
ENSG00000206531_CD200R1L	0.7923849297226722	5
ENSG00000163606_CD200R1	0.02890508817720927	5
ENSG00000163607_GTPBP8	0.3592739270906833	7
ENSG00000163608_NEPRO	0.4946707680634219	9
ENSG00000144857_BOC	0.6619099745179837	7
ENSG00000206530_CFAP44	0.11331590170121553	26
ENSG00000285943_AC112128.1	0.23997473745835496	18
ENSG00000163611_SPICE1	0.28027291631015694	17
ENSG00000072858_SIDT1	0.3485913443213048	9
ENSG00000176542_USF3	0.811963914997536	2
ENSG00000121579_NAA50	0.5172947545817095	1
ENSG00000114573_ATP6V1A	0.8336587524391001	3
ENSG00000178075_GRAMD1C	0.4846878570181118	19
ENSG00000184307_ZDHHC23	0.8184821374700896	9
ENSG00000163617_CCDC191	0.7787712733235772	24
ENSG00000151576_QTRT2	0.9536010065631821	4
ENSG00000151577_DRD3	0.44866834307164993	4
ENSG00000174255_ZNF80	0.47976191538524826	4
ENSG00000181847_TIGIT	0.8243960859027586	5
ENSG00000181722_ZBTB20	0.8663858726189214	2
ENSG00000172020_GAP43	0.03651774686231213	5
ENSG00000144847_IGSF11	0.3157176061881892	5
ENSG00000163424_TEX55	0.3961208292674546	6
ENSG00000251012_AC083800.1	0.48829087969977314	1
ENSG00000114638_UPK1B	0.6908231053705469	4
ENSG00000121578_B4GALT4	0.7264885838957518	2
ENSG00000031081_ARHGAP31	0.1890398167999252	7
ENSG00000163389_POGLUT1	0.6233447191612023	7
ENSG00000113845_TIMMDC1	0.6668224335673714	7
ENSG00000121594_CD80	0.7262558526969709	1
ENSG00000144843_ADPRH	0.03957698421767675	1
ENSG00000144837_PLA1A	0.46872310331031575	4
ENSG00000121577_POPDC2	0.8340655455140342	5
ENSG00000138495_COX17	0.043381897519477075	2
ENSG00000183833_MAATS1	0.7350781113517386	15
ENSG00000285585_AC069444.2	0.7923847914580858	14
ENSG00000144852_NR1I2	0.0021341746953722485	10
ENSG00000082701_GSK3B	0.030291741059466526	2
ENSG00000175697_GPR156	0.11045159567115126	6
ENSG00000163428_LRRC58	0.5462471328361379	2
ENSG00000163430_FSTL1	0.6892329534518336	9
ENSG00000065518_NDUFB4	0.6909091454714709	5
ENSG00000113924_HGD	0.34216685531537905	15
ENSG00000144840_RABL3	0.9419914964350695	4
ENSG00000153767_GTF2E1	0.8084918502170679	6
ENSG00000145087_STXBP5L	0.9743780657581315	10
ENSG00000051341_POLQ	0.28817330001119723	46
ENSG00000186103_ARGFX	0.20990737874964138	7
ENSG00000163833_FBXO40	0.17598459918146125	10
ENSG00000180353_HCLS1	0.26273176370043516	9
ENSG00000173230_GOLGB1	0.006837956762499209	26
ENSG00000173226_IQCB1	0.14583953217844636	11
ENSG00000145088_EAF2	0.4175635763018273	4
ENSG00000163406_SLC15A2	0.9356403782774866	11
ENSG00000145103_ILDR1	0.6547666802025215	12
ENSG00000114013_CD86	0.7512652254384568	6
ENSG00000036828_CASR	0.8213722024074249	3
ENSG00000121552_CSTA	0.7291856173248527	8
ENSG00000160124_CCDC58	0.2092056832140483	7
ENSG00000114023_FAM162A	0.013306295974554683	6
ENSG00000196981_WDR5B	0.7462925207171553	1
ENSG00000114030_KPNA1	0.9466220615494672	3
ENSG00000138496_PARP9	0.17122925598708005	3
ENSG00000163840_DTX3L	0.9493996244597498	5
ENSG00000173200_PARP15	0.6398906938613058	11
ENSG00000173193_PARP14	0.3947874093861471	12
ENSG00000169087_HSPBAP1	0.479758101325663	5
ENSG00000138463_SLC49A4	0.6548970933693392	5
ENSG00000082684_SEMA5B	0.3844646682259487	15
ENSG00000065485_PDIA5	0.4540143996426744	5
ENSG00000121542_SEC22A	0.8632219837310986	5
ENSG00000173175_ADCY5	0.5721910241648636	5
ENSG00000206527_HACD2	0.34148856563138597	4
ENSG00000065534_MYLK	0.5626935735387008	15
ENSG00000175455_CCDC14	0.8906259916759681	17
ENSG00000065371_ROPN1	0.28152997787194867	6
ENSG00000160145_KALRN	0.9683801649886243	10
ENSG00000114491_UMPS	0.5578708958521912	4
ENSG00000082781_ITGB5	0.7626845585871493	9
ENSG00000173702_MUC13	0.5870634768775016	7
ENSG00000173706_HEG1	0.19955654258129552	8
ENSG00000221955_SLC12A8	0.37619650677818595	18
ENSG00000163848_ZNF148	0.36556475590958726	1
ENSG00000114520_SNX4	0.15218508434312006	10
ENSG00000144909_OSBPL11	0.5158792706374841	2
ENSG00000189366_ALG1L	0.09349211875335939	9
ENSG00000114547_ROPN1B	0.8088815387262815	7
ENSG00000114544_SLC41A3	0.7962948974672017	13
ENSG00000144908_ALDH1L1	0.6876381705310648	14
ENSG00000163884_KLF15	0.9525887319793467	1
ENSG00000163885_CFAP100	0.6040568701361326	14
ENSG00000070476_ZXDC	0.8070091546758174	9
ENSG00000159650_UROC1	0.6294217933493121	13
ENSG00000180767_CHST13	0.3925547628624896	2
ENSG00000180697_C3orf22	0.32859752640893836	2
ENSG00000197763_TXNRD3	0.8724125473086527	9
ENSG00000159685_CHCHD6	0.8852905691947781	8
ENSG00000114554_PLXNA1	0.3553593948712507	3
ENSG00000214324_C3orf56	0.3715682012891186	5
ENSG00000163870_TPRA1	0.6954339480186975	9
ENSG00000073111_MCM2	0.8728450968477625	10
ENSG00000114626_ABTB1	0.44895787899221096	9
ENSG00000074416_MGLL	0.5131332173781897	2
ENSG00000187715_KBTBD12	0.7907615625464994	15
ENSG00000058262_SEC61A1	0.06594166070340712	1
ENSG00000175792_RUVBL1	0.981024699862945	2
ENSG00000132394_EEFSEC	0.2178035544901069	6
ENSG00000179407_DNAJB8	0.01711436324384641	4
ENSG00000163902_RPN1	0.9907040802395077	1
ENSG00000075785_RAB7A	0.23535005828612898	2
ENSG00000177646_ACAD9	0.7658708746182978	10
ENSG00000114656_KIAA1257	0.21533331210334228	18
ENSG00000114654_EFCC1	0.9297499373552558	11
ENSG00000172780_RAB43	0.342326130090984	2
ENSG00000261796_ISY1-RAB43	0.5646665554325592	4
ENSG00000240682_ISY1	0.9821381654061219	7
ENSG00000169714_CNBP	0.886077652479978	2
ENSG00000181789_COPG1	0.20341725036735459	7
ENSG00000183624_HMCES	0.9697894145540646	6
ENSG00000172771_EFCAB12	0.3735032421856763	13
ENSG00000129071_MBD4	0.8381055110690088	13
ENSG00000163913_IFT122	0.48505491252026534	32
ENSG00000163914_RHO	0.30690312398232333	3
ENSG00000178804_H1FOO	0.5216187459325432	3
ENSG00000004399_PLXND1	0.1879464982112069	5
ENSG00000172765_TMCC1	0.9652120469909319	3
ENSG00000170893_TRH	0.15640170555156685	4
ENSG00000251287_ALG1L2	0.6434997274526053	11
ENSG00000172752_COL6A5	0.45465270546170167	47
ENSG00000206384_COL6A6	0.44210021202925065	55
ENSG00000196455_PIK3R4	0.6409977279585475	8
ENSG00000017260_ATP2C1	0.6142983716426361	9
ENSG00000034533_ASTE1	0.4524919384531527	7
ENSG00000114670_NEK11	0.0984664652405356	14
ENSG00000198585_NUDT16	0.10591606019484623	10
ENSG00000114686_MRPL3	0.29443437855032595	11
ENSG00000196353_CPNE4	0.04075857519528703	3
ENSG00000014257_ACPP	0.6899341108812763	16
ENSG00000138246_DNAJC13	0.29325193640749125	5
ENSG00000240303_ACAD11	0.3875763427144132	15
ENSG00000274810_NPHP3-ACAD11	0.30214563224113933	16
ENSG00000129048_ACKR4	0.7701747385511646	8
ENSG00000081307_UBA5	0.8447227463913303	5
ENSG00000113971_NPHP3	0.6647245992173981	20
ENSG00000144868_TMEM108	0.589472342975999	1
ENSG00000170819_BFSP2	0.5835888725645324	6
ENSG00000091527_CDV3	0.5093636029820993	8
ENSG00000163781_TOPBP1	0.9226795990237093	3
ENSG00000091513_TF	0.4844209699812838	16
ENSG00000144867_SRPRB	0.8776666440379861	2
ENSG00000174640_SLCO2A1	0.5566022539201603	8
ENSG00000163785_RYK	0.7485399169760389	3
ENSG00000114019_AMOTL2	0.8175101252264035	6
ENSG00000129055_ANAPC13	0.5025635614608737	2
ENSG00000182923_CEP63	0.8530883165434027	21
ENSG00000154928_EPHB1	0.5868375511503935	4
ENSG00000174611_KY	0.6268052456833824	8
ENSG00000073711_PPP2R3A	0.9169620804265528	13
ENSG00000174579_MSL2	0.09417479855424571	1
ENSG00000114054_PCCB	0.21665952492911644	11
ENSG00000168917_SLC35G2	0.5220677039003422	7
ENSG00000158092_NCK1	0.6460469164252798	1
ENSG00000174564_IL20RB	0.2772597751389416	2
ENSG00000066405_CLDN18	0.8606787397858371	4
ENSG00000158163_DZIP1L	0.023676857166106235	11
ENSG00000118017_A4GNT	0.6768347776011627	1
ENSG00000138231_DBR1	0.7621279424056534	8
ENSG00000114098_ARMC8	0.0141170420825939	2
ENSG00000181322_NME9	0.5926580912479132	12
ENSG00000158186_MRAS	0.48590319045743224	1
ENSG00000158220_ESYT3	0.6773346973980616	32
ENSG00000114107_CEP70	0.8941683176870701	18
ENSG00000158234_FAIM	0.561540081968792	4
ENSG00000051382_PIK3CB	0.986368931706092	4
ENSG00000206262_FOXL2NB	0.444967665997295	1
ENSG00000206260_PRR23A	0.2825086877615517	4
ENSG00000175110_MRPS22	0.7991036531231281	5
ENSG00000184814_PRR23B	0.977446052711286	4
ENSG00000233701_PRR23C	0.8066092659274413	5
ENSG00000184432_COPB2	0.8839819197515966	1
ENSG00000114113_RBP2	0.9883580965317981	1
ENSG00000114115_RBP1	0.082164123772972	2
ENSG00000163864_NMNAT3	0.518023595408376	11
ENSG00000158258_CLSTN2	0.2265532660230647	6
ENSG00000155890_TRIM42	0.8689251066127957	11
ENSG00000114120_SLC25A36	0.8294416708163752	3
ENSG00000175093_SPSB4	0.3524264608649734	3
ENSG00000155893_PXYLP1	0.03536018743703573	3
ENSG00000177311_ZBTB38	0.8637898010606391	1
ENSG00000155903_RASA2	0.9728951677115616	22
ENSG00000114125_RNF7	0.3830294462774324	2
ENSG00000114124_GRK7	0.3436237340691435	5
ENSG00000069849_ATP1B3	0.47334755207734736	4
ENSG00000114126_TFDP2	0.47908726348276165	5
ENSG00000175066_GK5	0.3392078339469844	9
ENSG00000114127_XRN1	0.6371737317941539	8
ENSG00000175054_ATR	0.40289315562136063	23
ENSG00000120756_PLS1	0.133543865224389	7
ENSG00000144935_TRPC1	0.9279753884690733	4
ENSG00000163710_PCOLCE2	0.36207279060384	11
ENSG00000188582_PAQR9	0.6978552845095882	2
ENSG00000163714_U2SURP	0.5043307253549015	2
ENSG00000175040_CHST2	0.3134397965789719	3
ENSG00000181804_SLC9A9	0.32904666761700574	10
ENSG00000181744_DIPK2A	0.6499233981970665	3
ENSG00000152952_PLOD2	0.8384703004739651	9
ENSG00000114698_PLSCR4	0.7123580819362276	4
ENSG00000163746_PLSCR2	0.052133074590968054	7
ENSG00000188313_PLSCR1	0.12774484266712216	7
ENSG00000231213_PLSCR5	0.594467332121916	5
ENSG00000174963_ZIC4	0.40370711387107816	11
ENSG00000153002_CPB1	0.3366822378156116	11
ENSG00000163751_CPA3	0.8153730550425209	8
ENSG00000163754_GYG1	0.43911026000018083	6
ENSG00000071794_HLTF	0.20052301379297877	17
ENSG00000163755_HPS3	0.07759235746871351	17
ENSG00000047457_CP	0.7387516179529536	14
ENSG00000163762_TM4SF18	0.9434144893982814	2
ENSG00000169908_TM4SF1	0.37751326499761273	9
ENSG00000169903_TM4SF4	0.2830586956779573	4
ENSG00000018408_WWTR1	0.00784060040321366	1
ENSG00000114744_COMMD2	0.3468839643239221	4
ENSG00000206199_ANKUB1	0.7859644607427138	12
ENSG00000082996_RNF13	0.07877920927640769	7
ENSG00000070087_PFN2	0.9356540789267099	2
ENSG00000196428_TSC22D2	0.2942997406078045	3
ENSG00000120742_SERP1	0.9505557760420151	2
ENSG00000144895_EIF2A	0.17142336617536524	8
ENSG00000198843_SELENOT	0.1337700728042892	3
ENSG00000163645_ERICH6	0.4973930028349791	20
ENSG00000181788_SIAH2	0.26073778293514005	1
ENSG00000163646_CLRN1	0.5405852024398065	9
ENSG00000144893_MED12L	0.8216739023944866	4
ENSG00000174946_GPR171	0.16137912816950994	1
ENSG00000174944_P2RY14	0.6646886171687736	4
ENSG00000138271_GPR87	0.0744448596735201	6
ENSG00000181631_P2RY13	0.188767731994412	2
ENSG00000169313_P2RY12	0.07339025751696404	4
ENSG00000152580_IGSF10	0.18415220459980852	30
ENSG00000197953_AADACL2	0.5423591622818473	9
ENSG00000114771_AADAC	0.8872596050585547	6
ENSG00000198829_SUCNR1	0.9805749249357728	3
ENSG00000152601_MBNL1	0.5421080529367152	3
ENSG00000169860_P2RY1	0.5907912544580467	3
ENSG00000181467_RAP2B	0.027896417195986456	2
ENSG00000114790_ARHGEF26	0.4899824427443059	7
ENSG00000174953_DHX36	0.933643256781634	4
ENSG00000174948_GPR149	0.8510401073212635	6
ENSG00000196549_MME	0.8584723912881782	20
ENSG00000114805_PLCH1	0.44517243836442877	13
ENSG00000174928_C3orf33	0.08815571744460038	9
ENSG00000284952_AC104472.3	0.8308399808177624	3
ENSG00000169359_SLC33A1	0.1969817970189408	3
ENSG00000169282_KCNAB1	0.13494712902863637	6
ENSG00000114850_SSR3	0.25899878127730624	2
ENSG00000163659_TIPARP	0.02135258098342696	1
ENSG00000197980_LEKR1	0.5201111454318749	12
ENSG00000163660_CCNL1	0.9031161608799927	4
ENSG00000197415_VEPH1	0.22027312138269362	21
ENSG00000163661_PTX3	0.5088462090964707	3
ENSG00000174899_PQLC2L	0.9258475726534852	5
ENSG00000168779_SHOX2	0.6638636870206419	2
ENSG00000174891_RSRC1	0.7765582300825786	8
ENSG00000178053_MLF1	0.31106005955552796	9
ENSG00000168827_GFM1	0.7389122179912612	17
ENSG00000079257_LXN	0.09123950281328175	5
ENSG00000118849_RARRES1	0.24242451428427525	6
ENSG00000118855_MFSD1	0.06902899742202617	13
ENSG00000283154_IQCJ-SCHIP1	0.008949597253908537	9
ENSG00000214216_IQCJ	0.47834473021175894	4
ENSG00000168811_IL12A	0.6529201426236032	2
ENSG00000248710_AC079594.2	0.22279548915340197	13
ENSG00000068885_IFT80	0.474538571288464	16
ENSG00000113810_SMC4	0.1346701427410275	16
ENSG00000213186_TRIM59	0.05723417273390985	4
ENSG00000186432_KPNA4	0.9154966977595597	3
ENSG00000179674_ARL14	0.5550451979424705	2
ENSG00000163590_PPM1L	0.8967231925072776	2
ENSG00000169255_B3GALNT1	0.4835887730768913	6
ENSG00000169251_NMD3	0.9653941571716016	4
ENSG00000196542_SPTSSB	0.3497268883273361	5
ENSG00000182447_OTOL1	0.5833965508355692	8
ENSG00000090402_SI	0.3772276495223085	31
ENSG00000121871_SLITRK3	0.7689674993442763	3
ENSG00000114200_BCHE	0.4721589127182635	10
ENSG00000169064_ZBBX	0.649892266464583	15
ENSG00000114204_SERPINI2	0.6175191685755367	8
ENSG00000174776_WDR49	0.69781919881308	15
ENSG00000163536_SERPINI1	0.6068609486488947	1
ENSG00000173905_GOLIM4	0.9386606662495819	13
ENSG00000085276_MECOM	0.7863503874857307	3
ENSG00000184378_ACTRT3	0.8447873341320595	3
ENSG00000085274_MYNN	0.2738725933713769	5
ENSG00000171757_LRRC34	0.183859121876763	9
ENSG00000188306_LRRIQ4	0.7139234124662233	3
ENSG00000114248_LRRC31	0.1470507821952799	10
ENSG00000187033_SAMD7	0.0721584581788226	6
ENSG00000008952_SEC62	0.627463288639596	1
ENSG00000173890_GPR160	0.6626158627137995	4
ENSG00000173889_PHC3	0.8507583967905101	5
ENSG00000163558_PRKCI	0.6924727083904233	9
ENSG00000013293_SLC7A14	0.8204695514954172	2
ENSG00000163584_RPL22L1	0.9464196943339669	3
ENSG00000163577_EIF5A2	0.4970352219161521	6
ENSG00000163581_SLC2A2	0.3712388711978485	7
ENSG00000154310_TNIK	0.6465195638923789	1
ENSG00000075651_PLD1	0.10478850029090636	16
ENSG00000186329_TMEM212	0.9447790591967946	11
ENSG00000121853_GHSR	0.51225198007893	4
ENSG00000121858_TNFSF10	0.08276237748968496	3
ENSG00000144959_NCEH1	0.3352667494636251	4
ENSG00000114346_ECT2	0.11126543298112113	11
ENSG00000144962_SPATA16	0.8856668240283829	7
ENSG00000169760_NLGN1	0.08353345248213606	1
ENSG00000177694_NAALADL2	0.20023966309025587	11
ENSG00000177565_TBL1XR1	0.981584729212079	1
ENSG00000172667_ZMAT3	0.7846317874124032	2
ENSG00000121879_PIK3CA	0.6549802298737318	2
ENSG00000171121_KCNMB3	0.28992827769429286	15
ENSG00000171109_MFN1	0.6114126802633292	7
ENSG00000114450_GNB4	0.4822646406395502	6
ENSG00000136518_ACTL6A	0.6287128268054136	2
ENSG00000136522_MRPL47	0.22852501523645996	8
ENSG00000136521_NDUFB5	0.055212151271287535	7
ENSG00000058056_USP13	0.08155092611635273	15
ENSG00000114757_PEX5L	0.7483303415392993	8
ENSG00000163728_TTC14	0.4183225336081342	7
ENSG00000284862_CCDC39	0.2238041008156879	25
ENSG00000114416_FXR1	0.37498540895135246	6
ENSG00000205981_DNAJC19	0.8190601189679954	5
ENSG00000058063_ATP11B	0.17961601316478637	4
ENSG00000078070_MCCC1	0.25265249194992545	11
ENSG00000078081_LAMP3	0.5647033943917317	3
ENSG00000053524_MCF2L2	0.8314726255522654	21
ENSG00000172578_KLHL6	0.06991118066385327	8
ENSG00000114796_KLHL24	0.6997447717667984	4
ENSG00000163872_YEATS2	0.8503689205476781	2
ENSG00000283765_AC131160.1	0.6566996364084055	9
ENSG00000180834_MAP6D1	0.07275094587405184	6
ENSG00000175193_PARL	0.72221996126638	8
ENSG00000114770_ABCC5	0.4048436698539508	12
ENSG00000186090_HTR3D	0.34186711209148757	12
ENSG00000178084_HTR3C	0.23513672583521184	11
ENSG00000186038_HTR3E	0.31871141991504326	12
ENSG00000145191_EIF2B5	0.8406583525997027	10
ENSG00000161202_DVL3	0.4385222720072144	4
ENSG00000161203_AP2M1	0.001643735532334878	5
ENSG00000161204_ABCF3	0.01606632971665567	11
ENSG00000145198_VWA5B2	0.586935097747909	10
ENSG00000214160_ALG3	0.3384232823148904	3
ENSG00000284753_EEF1AKMT4	0.7895372609090361	3
ENSG00000284917_ECE2	0.14834212597749774	14
ENSG00000163888_CAMK2N2	0.4616039278079589	1
ENSG00000145194_ECE2	0.1703713423934584	12
ENSG00000114867_EIF4G1	0.4738816775303526	8
ENSG00000175182_FAM131A	0.4194049490320412	3
ENSG00000114859_CLCN2	0.2364119269136108	18
ENSG00000163882_POLR2H	0.6231905838121437	1
ENSG00000090534_THPO	0.48141793794170085	12
ENSG00000090539_CHRD	0.49003787415086764	12
ENSG00000182580_EPHB3	0.7681564158572425	3
ENSG00000177383_MAGEF1	0.4694667257841847	4
ENSG00000156931_VPS8	0.26658765765586245	22
ENSG00000187068_C3orf70	0.6997373644473932	1
ENSG00000113790_EHHADH	0.5581862244865287	10
ENSG00000073803_MAP3K13	0.6849506318932855	13
ENSG00000163900_TMEM41A	0.1832618515607597	3
ENSG00000163898_LIPH	0.7481638571106763	6
ENSG00000163904_SENP2	0.24563815260938993	1
ENSG00000073792_IGF2BP2	0.41535823640613945	5
ENSG00000136527_TRA2B	0.7462876163953243	1
ENSG00000244405_ETV5	0.8382683086422722	1
ENSG00000058866_DGKG	0.41374864097885633	13
ENSG00000213139_CRYGS	0.7307215238388073	4
ENSG00000113838_TBCCD1	0.6113384530575692	4
ENSG00000090520_DNAJB11	0.18153746197251786	4
ENSG00000283149_AC068631.2	0.150960448214698	1
ENSG00000145192_AHSG	0.8383287081533053	8
ENSG00000090512_FETUB	0.939807891554339	7
ENSG00000113905_HRG	0.14438120121379294	11
ENSG00000113889_KNG1	0.7817938053356656	7
ENSG00000156976_EIF4A2	0.6633682974987677	2
ENSG00000163918_RFC4	0.7936242933205151	8
ENSG00000181092_ADIPOQ	0.3452258591501036	3
ENSG00000073849_ST6GAL1	0.2046538859146042	3
ENSG00000175077_RTP1	0.24550250609003554	4
ENSG00000127241_MASP1	0.4270228837214579	14
ENSG00000136514_RTP4	0.921008071248548	4
ENSG00000157005_SST	0.4183624627416138	2
ENSG00000198471_RTP2	0.015997812112875653	2
ENSG00000113916_BCL6	0.8771536478676137	1
ENSG00000145012_LPP	0.8514027242649465	10
ENSG00000188001_TPRG1	0.8879663407179281	3
ENSG00000073282_TP63	0.016664102108035816	5
ENSG00000090530_P3H2	0.5145478045674616	11
ENSG00000163347_CLDN1	0.8415445430624748	1
ENSG00000113946_CLDN16	0.40286769659648836	4
ENSG00000198398_TMEM207	0.8947263829793066	5
ENSG00000196083_IL1RAP	0.01869207707153031	9
ENSG00000205835_GMNC	0.6240310851655309	5
ENSG00000188729_OSTN	0.15302818690687425	2
ENSG00000188958_UTS2B	0.5449102420171712	7
ENSG00000152492_CCDC50	0.5938608343965339	7
ENSG00000253548_PYDC2	0.7119931854117413	2
ENSG00000114279_FGF12	0.3712742401924565	2
ENSG00000180611_MB21D2	0.5555005578755405	3
ENSG00000127252_PLAAT1	0.02005149155368602	6
ENSG00000187527_ATP13A5	0.06263919153316277	26
ENSG00000127249_ATP13A4	0.7350598197103291	30
ENSG00000198836_OPA1	0.21382027311738971	7
ENSG00000178772_CPN2	0.24073891886515786	5
ENSG00000172061_LRRC15	0.041955830586563825	2
ENSG00000178732_GP5	0.4900268836055076	4
ENSG00000133657_ATP13A3	0.3790162781039059	6
ENSG00000145014_TMEM44	0.18943213537315806	12
ENSG00000041802_LSG1	0.658713531244032	17
ENSG00000185112_FAM43A	0.21569426830569371	3
ENSG00000173950_XXYLT1	0.8612507153229458	7
ENSG00000114331_ACAP2	0.37593107366475187	4
ENSG00000184203_PPP1R2	0.08463509032337369	6
ENSG00000189058_APOD	0.9864314478717979	1
ENSG00000176945_MUC20	0.08386983794320924	3
ENSG00000145113_MUC4	0.6182668000001463	62
ENSG00000061938_TNK2	0.1612666380245984	12
ENSG00000072274_TFRC	0.0472544595121871	2
ENSG00000163958_ZDHHC19	0.4085944017496115	8
ENSG00000163959_SLC51A	0.9810602396550964	8
ENSG00000161217_PCYT1A	0.24118128006762563	7
ENSG00000272741_AC069257.3	0.8414832181791315	3
ENSG00000213123_TCTEX1D2	0.030629602543636225	3
ENSG00000273331_TM4SF19-TCTEX1D2	0.7690040074137183	5
ENSG00000145107_TM4SF19	0.17783480597115742	5
ENSG00000163960_UBXN7	0.019452092804474574	3
ENSG00000163961_RNF168	0.7808707552340072	15
ENSG00000214097_SMCO1	0.5793096129575515	6
ENSG00000185798_WDR53	0.7684747824899918	5
ENSG00000174004_NRROS	0.4485611244759915	2
ENSG00000163964_PIGX	0.5031361252195043	10
ENSG00000174007_CEP19	0.2471344394896774	5
ENSG00000180370_PAK2	0.16470721695267088	1
ENSG00000119231_SENP5	0.2638074296070787	2
ENSG00000114503_NCBP2	0.24279540697606428	2
ENSG00000119227_PIGZ	0.4853179092587089	10
ENSG00000163975_MELTF	0.5460562275639591	18
ENSG00000075711_DLG1	0.061934288973955365	8
ENSG00000161267_BDH1	0.46482964090818857	9
ENSG00000145016_RUBCN	0.13062881916765057	9
ENSG00000122068_FYTTD1	0.26498485663576854	9
ENSG00000186001_LRCH3	0.5347482417740321	9
ENSG00000114473_IQCG	0.5997046104922525	10
ENSG00000182899_RPL35A	0.9077095264877126	3
ENSG00000185621_LMLN	0.9844296786644049	13
